TreeSize,std::set,OriginalSplayTree,DepthAwareSplayTree
10.000000,0.115099,0.106994,0.030174
100.000000,0.166838,0.234479,0.055022
1000.000000,0.233045,0.366406,0.121548
10000.000000,0.335465,0.554173,0.165189
100000.000000,0.702541,1.086761,0.509201
1000000.000000,1.366147,2.060038,1.200592
