TreeSize,std::set,OriginalSplayTree,DepthAwareSplayTree
10.000000,0.112876,0.091865,0.030516
100.000000,0.153914,0.217818,0.056088
1000.000000,0.207448,0.344268,0.124133
10000.000000,0.304860,0.527267,0.166874
100000.000000,0.908245,1.405091,0.743496
1000000.000000,1.424226,2.194582,1.307077
