CachePoolSize,std::set,OriginalSplayTree,DepthAwareSplayTree
10,2.336584,2.222938,2.193771
100,2.623049,2.505048,2.475585
1000,3.167529,3.008797,2.952335
10000,3.282649,3.315888,3.173612
100000,3.309240,3.676335,3.300671
1000000,3.401080,3.773211,3.316956
